-- ###################################
-- ### PROYECTO BBDD - Inserciones ###
-- ###################################

-- Inserciones para Entidad_Responsable
INSERT INTO Entidad_Responsable (ID_Entidad, Nombre) VALUES
(2, 'Entidad 1'),
(3, 'Entidad 2'),
(4, 'Entidad 3');

-- Inserciones para Departamento
INSERT INTO Departamento (ID_Departamento, Nombre, ID_Entidad) VALUES
(2, 'Departamento 1', 2),
(3, 'Departamento 2', 2),
(4, 'Departamento 3', 3),
(5, 'Departamento 4', 3),
(6, 'Departamento 5', 3);

-- Inserciones para Parque
INSERT INTO Parque (ID_Parque, Nombre, Fecha_Declaracion, Superficie_Total) VALUES
(2, 'Parque A', '2023-01-01', 100.00),
(3, 'Parque B', '2023-02-01', 150.50),
(4, 'Parque C', '2023-03-01', 200.75),
(5, 'Parque D', '2023-04-01', 80.25),
(6, 'Parque E', '2023-05-01', 120.00),
(7, 'Parque F', '2023-06-01', 300.00),
(8, 'Parque G', '2023-07-01', 180.50),
(9, 'Parque H', '2023-08-01', 250.75),
(10, 'Parque I', '2023-09-01', 150.25),
(11, 'Parque J', '2023-10-01', 200.00),
(12, 'Parque K', '2023-11-01', 220.50),
(13, 'Parque L', '2023-12-01', 170.75),
(14, 'Parque M', '2024-01-01', 90.25),
(15, 'Parque N', '2024-02-01', 130.00),
(16, 'Parque O', '2024-03-01', 260.00),
(17, 'Parque P', '2024-04-01', 140.50),
(18, 'Parque Q', '2024-05-01', 190.75),
(19, 'Parque R', '2024-06-01', 110.25),
(20, 'Parque S', '2024-07-01', 200.00),
(21, 'Parque T', '2024-08-01', 250.00);

-- Inserciones para Departamento_Parque
INSERT INTO Departamento_Parque (ID_Departamento, ID_Parque) VALUES
(2, 2),
(2, 3),
(3, 3),
(3, 4),
(4, 4),
(4, 5),
(5, 5),
(5, 6),
(6, 6),
(6, 7),
(2, 7),
(3, 8),
(4, 8),
(5, 9),
(6, 9),
(2, 10),
(3, 10),
(4, 11),
(5, 11),
(6, 12),
(2, 12);

-- Inserciones para Alojamiento
INSERT INTO Alojamiento (ID_Alojamiento, Capacidad, Categoria, ID_Parque) VALUES
(2, 10, 'Económico', 2),
(3, 15, 'Estándar', 3),
(4, 20, 'Premium', 4),
(5, 12, 'Económico', 5),
(6, 8, 'Estándar', 6),
(7, 10, 'Premium', 7),
(8, 14, 'Económico', 8),
(9, 16, 'Estándar', 9),
(10, 18, 'Premium', 10),
(11, 10, 'Económico', 11),
(12, 15, 'Estándar', 12),
(13, 20, 'Premium', 13),
(14, 12, 'Económico', 14),
(15, 8, 'Estándar', 15),
(16, 10, 'Premium', 16),
(17, 14, 'Económico', 17),
(18, 16, 'Estándar', 18),
(19, 18, 'Premium', 19),
(20, 10, 'Económico', 20);

-- Inserciones para Visitante
INSERT INTO Visitante (ID_Visitante, Nombre, Direccion, Profesion) VALUES
(2, 'Visitante 1', 'Dirección 1', 'Profesión A'),
(3, 'Visitante 2', 'Dirección 2', 'Profesión B'),
(4, 'Visitante 3', 'Dirección 3', 'Profesión C'),
(5, 'Visitante 4', 'Dirección 4', 'Profesión D'),
(6, 'Visitante 5', 'Dirección 5', 'Profesión E'),
(7, 'Visitante 6', 'Dirección 6', 'Profesión F'),
(8, 'Visitante 7', 'Dirección 7', 'Profesión G'),
(9, 'Visitante 8', 'Dirección 8', 'Profesión H'),
(10, 'Visitante 9', 'Dirección 9', 'Profesión I'),
(11, 'Visitante 10', 'Dirección 10', 'Profesión J'),
(12, 'Visitante 11', 'Dirección 11', 'Profesión K'),
(13, 'Visitante 12', 'Dirección 12', 'Profesión L'),
(14, 'Visitante 13', 'Dirección 13', 'Profesión M'),
(15, 'Visitante 14', 'Dirección 14', 'Profesión N'),
(16, 'Visitante 15', 'Dirección 15', 'Profesión O'),
(17, 'Visitante 16', 'Dirección 16', 'Profesión P'),
(18, 'Visitante 17', 'Dirección 17', 'Profesión Q'),
(19, 'Visitante 18', 'Dirección 18', 'Profesión R'),
(20, 'Visitante 19', 'Dirección 19', 'Profesión S'),
(21, 'Visitante 20', 'Dirección 20', 'Profesión T'),
(22, 'Visitante 21', 'Dirección 21', 'Profesión U'),
(23, 'Visitante 22', 'Dirección 22', 'Profesión V'),
(24, 'Visitante 23', 'Dirección 23', 'Profesión W'),
(25, 'Visitante 24', 'Dirección 24', 'Profesión X'),
(26, 'Visitante 25', 'Dirección 25', 'Profesión Y'),
(27, 'Visitante 26', 'Dirección 26', 'Profesión Z'),
(28, 'Visitante 27', 'Dirección 27', 'Profesión A1'),
(29, 'Visitante 28', 'Dirección 28', 'Profesión B1'),
(30, 'Visitante 29', 'Dirección 29', 'Profesión C1'),
(31, 'Visitante 30', 'Dirección 30', 'Profesión D1'),
(32, 'Visitante 31', 'Dirección 31', 'Profesión E1'),
(33, 'Visitante 32', 'Dirección 32', 'Profesión F1'),
(34, 'Visitante 33', 'Dirección 33', 'Profesión G1'),
(35, 'Visitante 34', 'Dirección 34', 'Profesión H1'),
(36, 'Visitante 35', 'Dirección 35', 'Profesión I1'),
(37, 'Visitante 36', 'Dirección 36', 'Profesión J1'),
(38, 'Visitante 37', 'Dirección 37', 'Profesión K1'),
(39, 'Visitante 38', 'Dirección 38', 'Profesión L1'),
(40, 'Visitante 39', 'Dirección 39', 'Profesión M1'),
(41, 'Visitante 40', 'Dirección 40', 'Profesión N1'),
(42, 'Visitante 41', 'Dirección 41', 'Profesión O1'),
(43, 'Visitante 42', 'Dirección 42', 'Profesión P1'),
(44, 'Visitante 43', 'Dirección 43', 'Profesión Q1'),
(45, 'Visitante 44', 'Dirección 44', 'Profesión R1'),
(46, 'Visitante 45', 'Dirección 45', 'Profesión S1'),
(47, 'Visitante 46', 'Dirección 46', 'Profesión T1'),
(48, 'Visitante 47', 'Dirección 47', 'Profesión U1'),
(49, 'Visitante 48', 'Dirección 48', 'Profesión V1'),
(50, 'Visitante 49', 'Dirección 49', 'Profesión W1'),
(51, 'Visitante 50', 'Dirección 50', 'Profesión X1'),
(52, 'Visitante 51', 'Dirección 51', 'Profesión Y1'),
(53, 'Visitante 52', 'Dirección 52', 'Profesión Z1'),
(54, 'Visitante 53', 'Dirección 53', 'Profesión A2'),
(55, 'Visitante 54', 'Dirección 54', 'Profesión B2'),
(56, 'Visitante 55', 'Dirección 55', 'Profesión C2'),
(57, 'Visitante 56', 'Dirección 56', 'Profesión D2'),
(58, 'Visitante 57', 'Dirección 57', 'Profesión E2'),
(59, 'Visitante 58', 'Dirección 58', 'Profesión F2'),
(60, 'Visitante 59', 'Dirección 59', 'Profesión G2'),
(61, 'Visitante 60', 'Dirección 60', 'Profesión H2'),
(62, 'Visitante 61', 'Dirección 61', 'Profesión I2'),
(63, 'Visitante 62', 'Dirección 62', 'Profesión J2'),
(64, 'Visitante 63', 'Dirección 63', 'Profesión K2'),
(65, 'Visitante 64', 'Dirección 64', 'Profesión L2'),
(66, 'Visitante 65', 'Dirección 65', 'Profesión M2'),
(67, 'Visitante 66', 'Dirección 66', 'Profesión N2'),
(68, 'Visitante 67', 'Dirección 67', 'Profesión O2'),
(69, 'Visitante 68', 'Dirección 68', 'Profesión P2'),
(70, 'Visitante 69', 'Dirección 69', 'Profesión Q2'),
(71, 'Visitante 70', 'Dirección 70', 'Profesión R2'),
(72, 'Visitante 71', 'Dirección 71', 'Profesión S2'),
(73, 'Visitante 72', 'Dirección 72', 'Profesión T2'),
(74, 'Visitante 73', 'Dirección 73', 'Profesión U2'),
(75, 'Visitante 74', 'Dirección 74', 'Profesión V2'),
(76, 'Visitante 75', 'Dirección 75', 'Profesión W2'),
(77, 'Visitante 76', 'Dirección 76', 'Profesión X2'),
(78, 'Visitante 77', 'Dirección 77', 'Profesión Y2'),
(79, 'Visitante 78', 'Dirección 78', 'Profesión Z2'),
(80, 'Visitante 79', 'Dirección 79', 'Profesión A3'),
(81, 'Visitante 80', 'Dirección 80', 'Profesión B3'),
(82, 'Visitante 81', 'Dirección 81', 'Profesión C3'),
(83, 'Visitante 82', 'Dirección 82', 'Profesión D3'),
(84, 'Visitante 83', 'Dirección 83', 'Profesión E3'),
(85, 'Visitante 84', 'Dirección 84', 'Profesión F3'),
(86, 'Visitante 85', 'Dirección 85', 'Profesión G3'),
(87, 'Visitante 86', 'Dirección 86', 'Profesión H3'),
(88, 'Visitante 87', 'Dirección 87', 'Profesión I3'),
(89, 'Visitante 88', 'Dirección 88', 'Profesión J3'),
(90, 'Visitante 89', 'Dirección 89', 'Profesión K3'),
(91, 'Visitante 90', 'Dirección 90', 'Profesión L3'),
(92, 'Visitante 91', 'Dirección 91', 'Profesión M3'),
(93, 'Visitante 92', 'Dirección 92', 'Profesión N3'),
(94, 'Visitante 93', 'Dirección 93', 'Profesión O3'),
(95, 'Visitante 94', 'Dirección 94', 'Profesión P3'),
(96, 'Visitante 95', 'Dirección 95', 'Profesión Q3'),
(97, 'Visitante 96', 'Dirección 96', 'Profesión R3'),
(98, 'Visitante 97', 'Dirección 97', 'Profesión S3'),
(99, 'Visitante 98', 'Dirección 98', 'Profesión T3'),
(100, 'Visitante 99', 'Dirección 99', 'Profesión U3');

-- Inserciones para Visitante_Alojamiento
INSERT INTO Visitante_Alojamiento (ID_Visitante, ID_Alojamiento) VALUES
(2, 2),
(3, 3),
(4, 4),
(5, 5),
(6, 6),
(7, 7),
(8, 8),
(9, 9),
(10, 10),
(11, 11),
(12, 12),
(13, 13),
(14, 14),
(15, 15),
(16, 16),
(17, 17),
(18, 18),
(19, 19),
(20, 20),
(21, 2),
(22, 3),
(23, 4),
(24, 5),
(25, 6),
(26, 7),
(27, 8),
(28, 9),
(29, 10),
(30, 11),
(31, 12),
(32, 13),
(33, 14),
(34, 15),
(35, 16),
(36, 17),
(37, 18),
(38, 19),
(39, 20),
(40, 2),
(41, 3),
(42, 4),
(43, 5),
(44, 6),
(45, 7),
(46, 8),
(47, 9),
(48, 10),
(49, 11),
(50, 12),
(51, 13),
(52, 14),
(53, 15),
(54, 16),
(55, 17),
(56, 18),
(57, 19),
(58, 20),
(59, 2),
(60, 3);

-- Inserciones para Area
INSERT INTO Area (Nombre, Extension, ID_Parque) VALUES
('Área 1', 50.00, 2),
('Área 2', 40.00, 3),
('Área 3', 60.00, 4),
('Área 4', 30.00, 5),
('Área 5', 45.00, 6),
('Área 6', 55.00, 7),
('Área 7', 70.00, 8),
('Área 8', 35.00, 9),
('Área 9', 42.00, 10),
('Área 10', 48.00, 11),
('Área 11', 65.00, 12),
('Área 12', 80.00, 13),
('Área 13', 38.00, 14),
('Área 14', 58.00, 15),
('Área 15', 75.00, 16),
('Área 16', 55.00, 17),
('Área 17', 67.00, 18),
('Área 18', 43.00, 19),
('Área 19', 52.00, 20),
('Área 20', 62.00, 2),
('Área 21', 33.00, 3),
('Área 22', 47.00, 4),
('Área 23', 57.00, 5),
('Área 24', 72.00, 6),
('Área 25', 85.00, 7),
('Área 26', 40.00, 8),
('Área 27', 60.00, 9),
('Área 28', 38.00, 10),
('Área 29', 50.00, 11),
('Área 30', 68.00, 12),
('Área 31', 82.00, 13),
('Área 32', 36.00, 14),
('Área 33', 53.00, 15),
('Área 34', 77.00, 16),
('Área 35', 59.00, 17),
('Área 36', 63.00, 18),
('Área 37', 41.00, 19),
('Área 38', 56.00, 20),
('Área 39', 64.00, 2),
('Área 40', 78.00, 3),
('Área 41', 39.00, 4),
('Área 42', 54.00, 5),
('Área 43', 66.00, 6),
('Área 44', 71.00, 7),
('Área 45', 37.00, 8),
('Área 46', 51.00, 9),
('Área 47', 69.00, 10),
('Área 48', 83.00, 11),
('Área 49', 34.00, 12),
('Área 50', 49.00, 13),
('Área 51', 74.00, 14),
('Área 52', 61.00, 15),
('Área 53', 76.00, 16),
('Área 54', 70.00, 17),
('Área 55', 84.00, 18),
('Área 56', 46.00, 19),
('Área 57', 79.00, 20),
('Área 58', 44.00, 2),
('Área 59', 73.00, 3),
('Área 60', 81.00, 4),
('Área 61', 88.00, 5),
('Área 62', 90.00, 6),
('Área 63', 87.00, 7),
('Área 64', 86.00, 8),
('Área 65', 89.00, 9),
('Área 66', 91.00, 10),
('Área 67', 92.00, 11),
('Área 68', 93.00, 12),
('Área 69', 94.00, 13),
('Área 70', 95.00, 14),
('Área 71', 96.00, 15),
('Área 72', 97.00, 16),
('Área 73', 98.00, 17),
('Área 74', 99.00, 18),
('Área 75', 100.00, 19),
('Área 76', 101.00, 20);

-- Inserciones para Especie
INSERT INTO Especie (ID_Especie, Denominacion_Cientifica, Denominacion_Vulgar, Tipo) VALUES
(2, 'Especie1 científica', 'Especie1 vulgar', 'Animal'),
(3, 'Especie2 científica', 'Especie2 vulgar', 'Vegetal'),
(4, 'Especie3 científica', 'Especie3 vulgar', 'Mineral'),
(5, 'Especie4 científica', 'Especie4 vulgar', 'Animal'),
(6, 'Especie5 científica', 'Especie5 vulgar', 'Vegetal'),
(7, 'Especie6 científica', 'Especie6 vulgar', 'Mineral'),
(8, 'Especie7 científica', 'Especie7 vulgar', 'Animal'),
(9, 'Especie8 científica', 'Especie8 vulgar', 'Vegetal'),
(10, 'Especie9 científica', 'Especie9 vulgar', 'Mineral'),
(11, 'Especie10 científica', 'Especie10 vulgar', 'Animal'),
(12, 'Especie11 científica', 'Especie11 vulgar', 'Vegetal'),
(13, 'Especie12 científica', 'Especie12 vulgar', 'Mineral'),
(14, 'Especie13 científica', 'Especie13 vulgar', 'Animal'),
(15, 'Especie14 científica', 'Especie14 vulgar', 'Vegetal'),
(16, 'Especie15 científica', 'Especie15 vulgar', 'Mineral'),
(17, 'Especie16 científica', 'Especie16 vulgar', 'Animal'),
(18, 'Especie17 científica', 'Especie17 vulgar', 'Vegetal'),
(19, 'Especie18 científica', 'Especie18 vulgar', 'Mineral'),
(20, 'Especie19 científica', 'Especie19 vulgar', 'Animal'),
(21, 'Especie20 científica', 'Especie20 vulgar', 'Vegetal'),
(22, 'Especie21 científica', 'Especie21 vulgar', 'Mineral'),
(23, 'Especie22 científica', 'Especie22 vulgar', 'Animal'),
(24, 'Especie23 científica', 'Especie23 vulgar', 'Vegetal'),
(25, 'Especie24 científica', 'Especie24 vulgar', 'Mineral'),
(26, 'Especie25 científica', 'Especie25 vulgar', 'Animal'),
(27, 'Especie26 científica', 'Especie26 vulgar', 'Vegetal'),
(28, 'Especie27 científica', 'Especie27 vulgar', 'Mineral'),
(29, 'Especie28 científica', 'Especie28 vulgar', 'Animal'),
(30, 'Especie29 científica', 'Especie29 vulgar', 'Vegetal'),
(31, 'Especie30 científica', 'Especie30 vulgar', 'Mineral'),
(32, 'Especie31 científica', 'Especie31 vulgar', 'Animal'),
(33, 'Especie32 científica', 'Especie32 vulgar', 'Vegetal'),
(34, 'Especie33 científica', 'Especie33 vulgar', 'Mineral'),
(35, 'Especie34 científica', 'Especie34 vulgar', 'Animal'),
(36, 'Especie35 científica', 'Especie35 vulgar', 'Vegetal'),
(37, 'Especie36 científica', 'Especie36 vulgar', 'Mineral'),
(38, 'Especie37 científica', 'Especie37 vulgar', 'Animal'),
(39, 'Especie38 científica', 'Especie38 vulgar', 'Vegetal'),
(40, 'Especie39 científica', 'Especie39 vulgar', 'Mineral'),
(41, 'Especie40 científica', 'Especie40 vulgar', 'Animal'),
(42, 'Especie41 científica', 'Especie41 vulgar', 'Vegetal'),
(43, 'Especie42 científica', 'Especie42 vulgar', 'Mineral'),
(44, 'Especie43 científica', 'Especie43 vulgar', 'Animal'),
(45, 'Especie44 científica', 'Especie44 vulgar', 'Vegetal'),
(46, 'Especie45 científica', 'Especie45 vulgar', 'Mineral'),
(47, 'Especie46 científica', 'Especie46 vulgar', 'Animal'),
(48, 'Especie47 científica', 'Especie47 vulgar', 'Vegetal'),
(49, 'Especie48 científica', 'Especie48 vulgar', 'Mineral'),
(50, 'Especie49 científica', 'Especie49 vulgar', 'Animal'),
(51, 'Especie50 científica', 'Especie50 vulgar', 'Vegetal'),
(52, 'Especie51 científica', 'Especie51 vulgar', 'Mineral'),
(53, 'Especie52 científica', 'Especie52 vulgar', 'Animal'),
(54, 'Especie53 científica', 'Especie53 vulgar', 'Vegetal'),
(55, 'Especie54 científica', 'Especie54 vulgar', 'Mineral'),
(56, 'Especie55 científica', 'Especie55 vulgar', 'Animal'),
(57, 'Especie56 científica', 'Especie56 vulgar', 'Vegetal'),
(58, 'Especie57 científica', 'Especie57 vulgar', 'Mineral'),
(59, 'Especie58 científica', 'Especie58 vulgar', 'Animal'),
(60, 'Especie59 científica', 'Especie59 vulgar', 'Vegetal'),
(61, 'Especie60 científica', 'Especie60 vulgar', 'Mineral'),
(62, 'Especie61 científica', 'Especie61 vulgar', 'Animal'),
(63, 'Especie62 científica', 'Especie62 vulgar', 'Vegetal'),
(64, 'Especie63 científica', 'Especie63 vulgar', 'Mineral'),
(65, 'Especie64 científica', 'Especie64 vulgar', 'Animal'),
(66, 'Especie65 científica', 'Especie65 vulgar', 'Vegetal'),
(67, 'Especie66 científica', 'Especie66 vulgar', 'Mineral'),
(68, 'Especie67 científica', 'Especie67 vulgar', 'Animal'),
(69, 'Especie68 científica', 'Especie68 vulgar', 'Vegetal'),
(70, 'Especie69 científica', 'Especie69 vulgar', 'Mineral'),
(71, 'Especie70 científica', 'Especie70 vulgar', 'Animal'),
(72, 'Especie71 científica', 'Especie71 vulgar', 'Vegetal'),
(73, 'Especie72 científica', 'Especie72 vulgar', 'Mineral'),
(74, 'Especie73 científica', 'Especie73 vulgar', 'Animal'),
(75, 'Especie74 científica', 'Especie74 vulgar', 'Vegetal'),
(76, 'Especie75 científica', 'Especie75 vulgar', 'Mineral'),
(77, 'Especie76 científica', 'Especie76 vulgar', 'Animal'),
(78, 'Especie77 científica', 'Especie77 vulgar', 'Vegetal'),
(79, 'Especie78 científica', 'Especie78 vulgar', 'Mineral'),
(80, 'Especie79 científica', 'Especie79 vulgar', 'Animal'),
(81, 'Especie80 científica', 'Especie80 vulgar', 'Vegetal'),
(82, 'Especie81 científica', 'Especie81 vulgar', 'Mineral'),
(83, 'Especie82 científica', 'Especie82 vulgar', 'Animal'),
(84, 'Especie83 científica', 'Especie83 vulgar', 'Vegetal'),
(85, 'Especie84 científica', 'Especie84 vulgar', 'Mineral'),
(86, 'Especie85 científica', 'Especie85 vulgar', 'Animal'),
(87, 'Especie86 científica', 'Especie86 vulgar', 'Vegetal'),
(88, 'Especie87 científica', 'Especie87 vulgar', 'Mineral'),
(89, 'Especie88 científica', 'Especie88 vulgar', 'Animal'),
(90, 'Especie89 científica', 'Especie89 vulgar', 'Vegetal'),
(91, 'Especie90 científica', 'Especie90 vulgar', 'Mineral'),
(92, 'Especie91 científica', 'Especie91 vulgar', 'Animal'),
(93, 'Especie92 científica', 'Especie92 vulgar', 'Vegetal'),
(94, 'Especie93 científica', 'Especie93 vulgar', 'Mineral'),
(95, 'Especie94 científica', 'Especie94 vulgar', 'Animal'),
(96, 'Especie95 científica', 'Especie95 vulgar', 'Vegetal'),
(97, 'Especie96 científica', 'Especie96 vulgar', 'Mineral'),
(98, 'Especie97 científica', 'Especie97 vulgar', 'Animal'),
(99, 'Especie98 científica', 'Especie98 vulgar', 'Vegetal'),
(100, 'Especie99 científica', 'Especie99 vulgar', 'Mineral');

-- Especie area
INSERT INTO Especie_Area (ID_Especie, ID_Area, Numero_Individuos) VALUES
(2, 2, 10), (3, 2, 15), (4, 2, 5), (5, 2, 8),
(6, 3, 12), (7, 3, 18), (8, 3, 7), (9, 3, 9),
(10, 4, 8), (11, 4, 14), (12, 4, 6), (13, 4, 11),
(14, 5, 9), (15, 5, 16), (16, 5, 4), (17, 5, 7),
(18, 6, 11), (19, 6, 20), (20, 6, 9), (21, 6, 13),
(22, 7, 7), (23, 7, 12), (24, 7, 5), (25, 7, 8),
(26, 8, 10), (27, 8, 17), (28, 8, 6), (29, 8, 10),
(30, 9, 13), (31, 9, 19), (32, 9, 8), (33, 9, 12),
(34, 10, 8), (35, 10, 15), (36, 10, 5), (37, 10, 9),
(38, 11, 12), (39, 11, 21), (40, 11, 7), (41, 11, 14),
(42, 12, 6), (43, 12, 10), (44, 12, 4), (45, 12, 7),
(46, 13, 9), (47, 13, 18), (48, 13, 8), (49, 13, 11),
(50, 14, 11), (51, 14, 16), (52, 14, 5), (53, 14, 8),
(54, 15, 10), (55, 15, 14), (56, 15, 7), (57, 15, 9),
(58, 16, 8), (59, 16, 17), (60, 16, 6), (61, 16, 10),
(62, 17, 12), (63, 17, 19), (64, 17, 8), (65, 17, 13),
(66, 18, 7), (67, 18, 11), (68, 18, 5), (69, 18, 8),
(70, 19, 10), (71, 19, 15), (72, 19, 6), (73, 19, 9),
(74, 20, 9), (75, 20, 18), (76, 20, 7), (77, 20, 12),
(78, 21, 8), (79, 21, 14), (80, 21, 5), (81, 21, 8),
(82, 22, 11), (83, 22, 20), (84, 22, 9), (85, 22, 13),
(86, 23, 7), (87, 23, 12), (88, 23, 5), (89, 23, 8),
(90, 24, 10), (91, 24, 17), (92, 24, 6), (93, 24, 10),
(94, 25, 13), (95, 25, 19), (96, 25, 8), (97, 25, 12);

-- Personal
INSERT INTO Personal (ID_Personal, Numero_Cedula, Nombre, Direccion, Telefonos, Movil, Sueldo, Tipo_Personal, ID_Parque) VALUES
-- Personal de Gestión
(2, '1234567890', 'Juan Pérez', 'Calle 123', '555-1234', '321654987', 1500.00, '001', 2),
(3, '2345678901', 'María López', 'Av. Principal', '555-5678', '987654321', 1600.00, '001', 3),
(4, '3456789012', 'Pedro Ramírez', 'Carrera 45', '555-9012', '654789321', 1550.00, '001', 4),
(5, '4567890123', 'Ana Gómez', 'Calle 67', '555-3456', '321987654', 1600.00, '001', 5),
(6, '5678901234', 'Luisa Martínez', 'Diagonal 89', '555-6789', '987321654', 1550.00, '001', 6),
(7, '6789012345', 'Javier Sánchez', 'Av. Libertador', '555-8901', '654321987', 1500.00, '001', 7),
(8, '7890123456', 'Laura Castro', 'Calle 78', '555-2345', '321654789', 1650.00, '001', 8),
(9, '8901234567', 'Carlos Rodríguez', 'Av. Bolívar', '555-4567', '987321654', 1600.00, '001', 9),
(10, '9012345678', 'Sofía Gutiérrez', 'Carrera 12', '555-6789', '654987321', 1550.00, '001', 10),
(11, '0123456789', 'Diego Pérez', 'Diagonal 34', '555-8901', '321654987', 1600.00, '001', 11),
(12, '1234509876', 'Fernanda López', 'Calle 56', '555-0123', '987321654', 1550.00, '001', 12),
(13, '2345678901', 'Mateo Ramírez', 'Av. 7', '555-2345', '654987321', 1500.00, '001', 13),
(14, '3456789012', 'Camila Gómez', 'Carrera 89', '555-4567', '321654987', 1650.00, '001', 14),
(15, '4567890123', 'Martín Martínez', 'Diagonal 21', '555-6789', '987654321', 1600.00, '001', 15),
(16, '5678901234', 'Valentina Sánchez', 'Calle 43', '555-8901', '654321987', 1550.00, '001', 16),
(17, '6789012345', 'Emilio Castro', 'Av. 15', '555-0123', '321987654', 1500.00, '001', 17),
(18, '7890123456', 'Lucía Rodríguez', 'Carrera 67', '555-2345', '987654321', 1650.00, '001', 18),
(19, '8901234567', 'Manuel Gutiérrez', 'Diagonal 78', '555-4567', '654321987', 1600.00, '001', 19),
(20, '9012345678', 'Isabela Pérez', 'Av. 23', '555-6789', '321654987', 1550.00, '001', 20),
(21, '0123456789', 'Gabriel López', 'Calle 90', '555-8901', '987654321', 1500.00, '001', 21),

-- Personal de Investigación
(22, '1234567890', 'Valeria Ramírez', 'Av. 54', '555-1234', '321654987', 1800.00, '002', 2),
(23, '2345678901', 'Daniel Gómez', 'Calle 76', '555-5678', '987654321', 1750.00, '002', 3),
(24, '3456789012', 'Gabriela Martínez', 'Diagonal 32', '555-9012', '654789321', 1700.00, '002', 4),
(25, '4567890123', 'Roberto Sánchez', 'Carrera 98', '555-3456', '321987654', 1750.00, '002', 5),
(26, '5678901234', 'Natalia Castro', 'Av. 10', '555-6789', '987321654', 1800.00, '002', 6),
(27, '6789012345', 'Esteban Rodríguez', 'Calle 21', '555-8901', '654321987', 1700.00, '002', 7),
(28, '7890123456', 'Sara Gutiérrez', 'Diagonal 43', '555-2345', '321654789', 1750.00, '002', 8),
(29, '8901234567', 'Martín Pérez', 'Av. 67', '555-4567', '987321654', 1700.00, '002', 9),
(30, '9012345678', 'Luciana López', 'Carrera 55', '555-6789', '654987321', 1800.00, '002', 10),
(31, '0123456789', 'Julián Ramírez', 'Calle 87', '555-8901', '321654987', 1750.00, '002', 11),
(32, '1234509876', 'Carolina Gómez', 'Av. 34', '555-0123', '987321654', 1700.00, '002', 12),
(33, '2345678901', 'Andrés Martínez', 'Diagonal 56', '555-2345', '654987321', 1800.00, '002', 13),
(34, '3456789012', 'Mariana Sánchez', 'Calle 78', '555-4567', '321654987', 1750.00, '002', 14),
(35, '4567890123', 'Alejandro Castro', 'Av. 45', '555-6789', '987654321', 1700.00, '002', 15),
(36, '5678901234', 'Valentina Rodríguez', 'Diagonal 90', '555-8901', '654321987', 1800.00, '002', 16),
(37, '6789012345', 'Felipe Gutiérrez', 'Calle 32', '555-0123', '321987654', 1750.00, '002', 17),
(38, '7890123456', 'Ana Paula Pérez', 'Av. 65', '555-2345', '987654321', 1700.00, '002', 18),
(39, '8901234567', 'Diego López', 'Carrera 23', '555-4567', '654321987', 1800.00, '002', 19),
(40, '9012345678', 'Fernanda Ramírez', 'Diagonal 12', '555-6789', '321654987', 1750.00, '002', 20),
(41, '0123456789', 'Camilo Gómez', 'Av. 87', '555-8901', '987654321', 1700.00, '002', 21),

-- Personal de Conservación
(42, '1234567890', 'Renata Martínez', 'Calle 21', '555-1234', '321654987', 1700.00, '003', 2),
(43, '2345678901', 'Andrés Sánchez', 'Av. 43', '555-5678', '987654321', 1650.00, '003', 3),
(44, '3456789012', 'Daniela Castro', 'Carrera 65', '555-9012', '654789321', 1600.00, '003', 4),
(45, '4567890123', 'Gustavo Rodríguez', 'Diagonal 76', '555-3456', '321987654', 1650.00, '003', 5),
(46, '5678901234', 'Isabella Gutiérrez', 'Av. 54', '555-6789', '987321654', 1700.00, '003', 6),
(47, '6789012345', 'Juan Pablo Pérez', 'Calle 32', '555-8901', '654321987', 1600.00, '003', 7),
(48, '7890123456', 'Valeria Ramírez', 'Diagonal 21', '555-2345', '321654789', 1650.00, '003', 8),
(49, '8901234567', 'Gabriel López', 'Carrera 87', '555-4567', '987321654', 1600.00, '003', 9),
(50, '9012345678', 'María José Martínez', 'Av. 76', '555-6789', '654987321', 1700.00, '003', 10),
(51, '0123456789', 'Sebastián Sánchez', 'Calle 12', '555-8901', '321654987', 1650.00, '003', 11),
(52, '1234509876', 'Laura Gómez', 'Diagonal 34', '555-0123', '987321654', 1600.00, '003', 12),
(53, '2345678901', 'Diego Castro', 'Av. 98', '555-2345', '654987321', 1700.00, '003', 13),
(54, '3456789012', 'Valentina Rodríguez', 'Carrera 56', '555-4567', '321654987', 1650.00, '003', 14),
(55, '4567890123', 'Andrés Gutiérrez', 'Diagonal 45', '555-6789', '987654321', 1600.00, '003', 15),
(56, '5678901234', 'María Fernanda Pérez', 'Av. 67', '555-8901', '654321987', 1700.00, '003', 16),
(57, '6789012345', 'Julián Ramírez', 'Calle 78', '555-0123', '321987654', 1650.00, '003', 17),
(58, '7890123456', 'Camila López', 'Diagonal 90', '555-2345', '987654321', 1600.00, '003', 18),
(59, '8901234567', 'Juan David Ramírez', 'Av. 23', '555-4567', '654321987', 1700.00, '003', 19),
(60, '9012345678', 'Sara Gómez', 'Carrera 34', '555-6789', '321654987', 1650.00, '003', 20),
(61, '0123456789', 'Manuel Sánchez', 'Diagonal 87', '555-8901', '987654321', 1600.00, '003', 21),

-- Personal de Vigilancia
(62, '1234567890', 'Valeria Castro', 'Calle 43', '555-1234', '321654987', 1600.00, '004', 2),
(63, '2345678901', 'Alejandro Rodríguez', 'Av. 65', '555-5678', '987654321', 1550.00, '004', 3),
(64, '3456789012', 'Carolina Gutiérrez', 'Diagonal 32', '555-9012', '654789321', 1500.00, '004', 4),
(65, '4567890123', 'José Martínez', 'Carrera 98', '555-3456', '321987654', 1550.00, '004', 5),
(66, '5678901234', 'Valentina Ramírez', 'Av. 10', '555-6789', '987321654', 1600.00, '004', 6),
(67, '6789012345', 'Andrés Pérez', 'Calle 21', '555-8901', '654321987', 1500.00, '004', 7),
(68, '7890123456', 'Camila Rodríguez', 'Diagonal 43', '555-2345', '321654789', 1550.00, '004', 8),
(69, '8901234567', 'Juan Pablo Gómez', 'Av. 67', '555-4567', '987321654', 1500.00, '004', 9),
(70, '9012345678', 'Valentina López', 'Carrera 55', '555-6789', '654987321', 1600.00, '004', 10),
(71, '0123456789', 'Julián Ramírez', 'Calle 87', '555-8901', '321654987', 1550.00, '004', 11),
(72, '1234509876', 'Daniela Gómez', 'Av. 34', '555-0123', '987321654', 1500.00, '004', 12),
(73, '2345678901', 'Andrés Martínez', 'Diagonal 56', '555-2345', '654987321', 1600.00, '004', 13),
(74, '3456789012', 'Mariana Sánchez', 'Calle 78', '555-4567', '321654987', 1550.00, '004', 14),
(75, '4567890123', 'Alejandro Castro', 'Av. 45', '555-6789', '987654321', 1500.00, '004', 15),
(76, '5678901234', 'Valentina Rodríguez', 'Diagonal 90', '555-8901', '654321987', 1600.00, '004', 16),
(77, '6789012345', 'Felipe Gutiérrez', 'Calle 32', '555-0123', '321987654', 1550.00, '004', 17),
(78, '7890123456', 'Ana Paula Pérez', 'Av. 65', '555-2345', '987654321', 1500.00, '004', 18),
(79, '8901234567', 'Diego López', 'Carrera 23', '555-4567', '654321987', 1600.00, '004', 19),
(80, '9012345678', 'Fernanda Ramírez', 'Diagonal 12', '555-6789', '321654987', 1550.00, '004', 20),
(81, '0123456789', 'Camilo Gómez', 'Av. 87', '555-8901', '987654321', 1500.00, '004', 21);

-- Desarrollado por:
-- Juan rivero / T.I 1096701639
-- Oliver López / T.I 1097911715